Orders,Avg_Kitchen_Wait,Avg_Courier_Wait,Avg_Prep_Time,Avg_Delivery,Avg_Total
19,0.0,7.369298245614154,23.05263157894737,13.052631578947368,85.58333333333366
