Hour,Orders,Avg_Kitchen_Wait,Avg_Courier_Wait,Avg_Prep_Time,Avg_Delivery,Avg_Total
9,1,0.0,0.0,18.0,7.0,53.833333333333485
10,1,0.0,0.0,20.0,20.0,89.24999999999989
11,2,0.0,0.0,10.5,12.5,43.77499999999998
12,1,0.0,0.0,30.0,35.0,124.53333333333285
13,1,0.0,0.0,35.0,2.0,73.51666666666824
